,mquant,iquant,dquant
0,-12.472944584831692,-2.6127612689179665,-0.9671207212172777
1,-12.425413485892738,-1.9599345083944242,-0.022286201801988835
2,-12.373912346614379,-1.5728953167385478,0.5162809802313262
3,-12.124370410199916,-1.2998148731631587,0.9638250210571062
4,-12.07097999893608,-1.0887641457854909,1.3374928358924896
5,-12.044575019346986,-0.9122726477803823,1.6191631697957916
6,-12.020344161628067,-0.7594477727103586,1.8835909776212028
7,-11.984070530113431,-0.6325698040024517,2.1083523045890544
8,-11.885584823571188,-0.5189541146518202,2.324245737720935
9,-11.383633189323588,-0.4152605519429001,2.5072169441271193
10,-11.040761260830742,-0.3184281924150094,2.7241551175232472
11,-10.735321035349177,-0.22942917607772448,2.91665494251024
12,-10.524115637048887,-0.1504329832082409,3.0724667359941167
13,-10.42978096230122,-0.0753402485384537,3.2425020181556197
14,-10.261601470157391,-0.002538945313022387,3.399375192216321
15,-10.176695310663943,0.07177687558178575,3.5385621102305707
16,-10.100207307434658,0.13513998674952693,3.687544869951105
17,-10.040520039220164,0.19696018043096852,3.813991885103172
18,-9.964018726351132,0.254444549182364,3.9471772577683533
19,-9.871951054535753,0.31281242943375015,4.051310106199135
20,-9.792890152092607,0.36577471858214916,4.186146586868693
21,-9.723559996504417,0.417224161610337,4.310821666492405
22,-9.659853305114137,0.4663484599257085,4.4148428439868415
23,-9.586914096592576,0.5145377580739271,4.517474264968545
24,-9.47415876537064,0.5592172205565138,4.625308425107355
25,-9.373086377314227,0.6031581343734935,4.734182724960187
26,-9.208320427975913,0.6456209220026439,4.848313600517693
27,-9.053290245821197,0.6875781229733419,4.941336465275212
28,-8.9037721190443,0.7275286535942151,5.038094832788262
29,-8.76125305056791,0.7663456890591398,5.127321374653398
30,-8.639901296830876,0.8051450824379366,5.213421530648073
31,-8.550474003181925,0.8420435422875926,5.3059577009061325
32,-8.456778464861491,0.8789579546944567,5.387976609650773
33,-8.359089533806007,0.9146777160370393,5.457944509949701
34,-8.272860539264043,0.9479462155566356,5.530854294901939
35,-8.192178445197811,0.9806946150024973,5.606748618347778
36,-8.12194084739123,1.013623331787778,5.683522146363585
37,-8.054457178559737,1.0469811006555318,5.759337744057553
38,-7.996795401252443,1.0786206311778093,5.817865885779867
39,-7.948023692660561,1.1093810441798904,5.881789830039899
40,-7.901853531609291,1.1383045034223644,5.940649286813718
41,-7.860311272203857,1.1669766917813937,6.004505274399683
42,-7.8198800401764945,1.196749151993629,6.066459369760532
43,-7.783147563935589,1.2255765198474158,6.129923340118978
44,-7.74696208215462,1.2527994260326567,6.192211486037094
45,-7.712685578465283,1.2805870531715478,6.2555016709341364
46,-7.678899991728326,1.3074706726028327,6.315819041225263
47,-7.646388936361154,1.335357082017756,6.378039437223951
48,-7.61579498015376,1.3619801543643921,6.433280683637052
49,-7.585830343309505,1.3878205571204525,6.488974221184898
50,-7.555727999531421,1.4131085457690007,6.538105894599203
51,-7.526822967380367,1.4384261300972123,6.591248834736567
52,-7.498995764030141,1.4625026737008704,6.641370164511395
53,-7.472152229463864,1.487197577844223,6.6987505500185796
54,-7.446872976286182,1.511343151907496,6.744690294511782
55,-7.421338688340502,1.534515197034242,6.793426851984979
56,-7.397125914645537,1.5579702118898326,6.8504829827883125
57,-7.373282132978602,1.580220403854887,6.906564504585607
58,-7.350744220090153,1.6026268246031654,6.965335657924663
59,-7.329793645982399,1.6247865912721158,7.015105461890995
60,-7.311029179391533,1.6465152764860203,7.0640352240452025
61,-7.293271607472574,1.6688794043098236,7.11869529215487
62,-7.27549490214571,1.689899311342006,7.16215203032143
63,-7.256492062103681,1.711181256989382,7.210008146495471
64,-7.237041918077477,1.732080188979273,7.255552987197285
65,-7.2166905176668426,1.75360738199866,7.310533565113802
66,-7.19611289421084,1.7740742860858263,7.351788072333031
67,-7.175544547167426,1.7948979519849653,7.396986594023162
68,-7.155294613259289,1.8153747462341658,7.439888076859425
69,-7.136034512736921,1.836217813465026,7.486505364647948
70,-7.116968562367381,1.8559188454861455,7.533975424456387
71,-7.097951972941564,1.875464894280101,7.573596228126126
72,-7.080016322493405,1.8940118588508805,7.620752106198739
73,-7.062924322475718,1.913963598731899,7.6578611671259305
74,-7.045840373427948,1.9324530783910803,7.698073752676532
75,-7.02928291329646,1.9511581083206364,7.7401069040503305
76,-7.013488329624698,1.9698167690824535,7.78372788634725
77,-6.997900684523384,1.9883666115287357,7.826194043429051
78,-6.9824356956598175,2.006931643399021,7.869965064561418
79,-6.966718242896685,2.0253687383675247,7.9047957302654375
80,-6.9510234412434615,2.043131818860351,7.942581020802907
81,-6.935538194781129,2.0613523042101543,7.981766095373483
82,-6.919809014506724,2.079086688277244,8.015149922374231
83,-6.9047993773273895,2.0972847197348305,8.053226090740948
84,-6.890495329329925,2.114789428097221,8.087053529141917
85,-6.877251307376352,2.1318199182099247,8.120771047244263
86,-6.864871029452368,2.148713480645026,8.15650601309284
87,-6.853426103832341,2.1655482050111874,8.200001811633093
88,-6.842721063657067,2.182275728636906,8.234582580699119
89,-6.832263083457666,2.1989726123172897,8.272875222144322
90,-6.821908486742038,2.2157063448480114,8.306008770857163
91,-6.811551017509958,2.2324239751849113,8.340380497483235
92,-6.80032934673204,2.24895453427626,8.378298211897082
93,-6.788362300767375,2.2652535699817626,8.42201755046953
94,-6.775802059543883,2.281427394147683,8.457711692830381
95,-6.762435957215692,2.2977499562918977,8.490636547702458
96,-6.748794535817246,2.3140257078129056,8.530134199928032
97,-6.734906614721365,2.329366416239125,8.562706516119999
98,-6.721543436302091,2.3446472478193394,8.599042204131763
99,-6.708339849207737,2.3605752301559173,8.626859716408507
100,-6.6952293762183555,2.3755680194456783,8.662909554657352
101,-6.682471907108516,2.3909857526975933,8.695723238225217
102,-6.670552442137101,2.406030074365929,8.732214275868579
103,-6.658552757208283,2.420783652406559,8.760460221311224
104,-6.647009514772105,2.436399840153044,8.790625904431767
105,-6.635265564718474,2.4512695322651377,8.820024864635402
106,-6.623225371648409,2.466431100883597,8.848819931648979
107,-6.611726651456152,2.4809545169716207,8.877424906403864
108,-6.600120258773131,2.4955056951694843,8.909968099523695
109,-6.588990837825068,2.5097048373980853,8.936232352094162
110,-6.5774049431872585,2.5242267925302597,8.971025325700406
111,-6.5661065491773485,2.5381116563212016,9.003214803295476
112,-6.554883394149872,2.552481264889965,9.035600673534596
113,-6.543481665659323,2.5660620390087874,9.059884280717732
114,-6.531440981197799,2.5806151395745363,9.08570730581606
115,-6.519226018866645,2.59497336574195,9.116380451950448
116,-6.507221371490209,2.6088176850677516,9.144801136747066
117,-6.495105999511779,2.6226139423908865,9.175378894879987
118,-6.483151775070894,2.6360406773904734,9.20242800645719
119,-6.471545691205044,2.6497229787506997,9.228961641379714
120,-6.4599528945372455,2.6633105829007944,9.257692860037677
121,-6.44813267710531,2.6767722500930904,9.290443758878043
122,-6.436242398613826,2.690575693778462,9.322708759887252
123,-6.424649554494696,2.7037336850180864,9.353647628266996
124,-6.41339827180674,2.716747594614151,9.380272208517194
125,-6.401882662093968,2.730008551990241,9.4046797708683
126,-6.390750532106223,2.7430567440217133,9.429676427840295
127,-6.379353918062936,2.75621685814923,9.457192690540477
128,-6.368478359184894,2.7692842324208025,9.482960466425432
129,-6.357303688368687,2.782640633895708,9.507710286543201
130,-6.345930619228646,2.7955896915456124,9.530648671496513
131,-6.334940855332485,2.808824266122869,9.555193944844271
132,-6.324537196761755,2.822021954364434,9.5843739858362
133,-6.314545254298284,2.834907295114238,9.612070010873047
134,-6.3049221818716,2.847646123526616,9.640124216571436
135,-6.2954935282798115,2.8602582420007074,9.670172884300168
136,-6.286112166260661,2.8731088261260633,9.696899505840037
137,-6.276973589314717,2.886021863995274,9.724339278727037
138,-6.267974970811174,2.898544908776138,9.75446800213012
139,-6.259008941658428,2.9109016739659976,9.783787746984556
140,-6.250364162283593,2.9233061256049075,9.809988093369059
141,-6.241511693373864,2.935535879252842,9.837950005155585
142,-6.233009662715849,2.9477725207530967,9.864795782482386
143,-6.224471316560492,2.959983908143941,9.891428314854727
144,-6.2159329663067115,2.9721645152435907,9.919613074435798
145,-6.207056007680666,2.984000315939341,9.944204150953375
146,-6.198214747723667,2.9966363080216354,9.968409504888541
147,-6.189100161353789,3.008756289348275,9.99708556595321
148,-6.180146865361692,3.020435197749578,10.0207601915729
149,-6.171408271122383,3.0318737243263,10.044160242124374
150,-6.162542701715757,3.0435618965177396,10.064975078525844
151,-6.153608941709457,3.0554014825014053,10.089139391145896
152,-6.144733948504904,3.0671102899778373,10.112592393793376
153,-6.135459991226076,3.0786956948802233,10.133837464406922
154,-6.126338894800758,3.0902049047142826,10.158446597299019
155,-6.1173664926724225,3.1015222213585947,10.18134521274853
156,-6.107841094789531,3.1127981852516506,10.207114215561809
157,-6.098348182628806,3.1240397363609045,10.228251873808746
158,-6.088727254603029,3.1353732294880396,10.252009366188256
159,-6.0788405946614805,3.146736301529697,10.27878271494678
160,-6.068949646966295,3.1579989321904884,10.301472808463581
161,-6.05865551994905,3.1692527833684374,10.328747506345696
162,-6.048581355684867,3.1801000719130323,10.35594528271605
163,-6.038513802880815,3.1911229749409866,10.374948724350254
164,-6.028003313190947,3.201933546370939,10.39626583524796
165,-6.0178003929250785,3.2128589474180904,10.419896627911127
166,-6.0076015589516665,3.2236849409125363,10.440791572461702
167,-5.997481453371648,3.2345747498566686,10.4672303031917
168,-5.9872964554995995,3.2458596566507407,10.487661548737272
169,-5.977419469353223,3.2568606243170843,10.510304346858948
170,-5.967461155724669,3.2679578470686,10.531540256345117
171,-5.958024028630735,3.2785179851853297,10.55345691853407
172,-5.948575703052574,3.2893521768433853,10.573068549846791
173,-5.93896580661589,3.300417126955954,10.594772321422832
174,-5.928779725113584,3.311251577155584,10.61560108401081
175,-5.918777026086742,3.3217189682976533,10.636665373811708
176,-5.90853456024537,3.3323017379760653,10.655197784526534
177,-5.898340856410069,3.342882216545828,10.676332316769528
178,-5.888304799394554,3.3530685285346267,10.698668205249525
179,-5.878604511524086,3.363465277113758,10.721444778273161
180,-5.869618020060426,3.3740484856586583,10.74443762958279
181,-5.8607083251130465,3.3846579931175107,10.764832554452617
182,-5.85190855650752,3.3951405733947513,10.785464757694845
183,-5.843458350968396,3.405620299518051,10.81269953849294
184,-5.835043092925548,3.416114244385395,10.833578430632292
185,-5.826862537439668,3.426211376438965,10.856079671793617
186,-5.8187553106893475,3.4367340748468735,10.878572721354963
187,-5.810616554851224,3.4468069473963068,10.901242703152526
188,-5.802434249239935,3.457141739055002,10.92138100585835
189,-5.794090024544558,3.4678441153629027,10.943010214590519
190,-5.785677082729942,3.4779903373734222,10.960693860235146
191,-5.777300318227367,3.488124448214332,10.981308022683429
192,-5.768955649521558,3.4981837000472984,11.003902173589072
193,-5.760592011235373,3.508465060208736,11.026014536600409
194,-5.752222309844682,3.51827431457821,11.04572156831795
195,-5.744178425075077,3.528233204570595,11.065120929263871
196,-5.735999915536639,3.5384491240702443,11.084658492294153
197,-5.727694505250566,3.5480534698620865,11.106983371181277
198,-5.7193632283046805,3.5577889418070408,11.129306832818337
199,-5.710910906393288,3.567301518285933,11.14925521511992
200,-5.702516029605121,3.577287624821567,11.171542117377722
201,-5.6941443990477465,3.5867260863523076,11.190626640357841
202,-5.685665118113736,3.5963517952580086,11.209981715421556
203,-5.677570260880682,3.6057638090918953,11.230046450493044
204,-5.669233517870236,3.615276067922886,11.2508758803892
205,-5.661043448943037,3.624598324664574,11.272203526414227
206,-5.65278985500736,3.6338759592812546,11.291149570225164
207,-5.644412138673168,3.6433147093883766,11.311566136786851
208,-5.636193994871733,3.6523572029603306,11.329024506406132
209,-5.6278226494640196,3.661720234951683,11.347754322477604
210,-5.619628236919375,3.67105277244144,11.363559070128906
211,-5.611362258947447,3.680449109939796,11.381752355913058
212,-5.60325089286776,3.6899475030539985,11.396787672544313
213,-5.595258077585976,3.699280480215493,11.41627964648303
214,-5.587384269803899,3.7084761321951234,11.435739426713054
215,-5.579616766919937,3.7172752249832706,11.453226658852717
216,-5.57212392590074,3.7260841730191827,11.471385083138776
217,-5.564697108576551,3.7352476900720926,11.487967558410027
218,-5.556957860645898,3.7441047412414594,11.507995116596984
219,-5.548661951092558,3.7532538807350706,11.527202797018006
220,-5.540413917194878,3.762297533069021,11.547824880051035
221,-5.53212780856212,3.771581804043376,11.565212489176655
222,-5.523644840794376,3.7800647937727665,11.58579518079077
223,-5.515327397766155,3.7888827675361325,11.604845836487142
224,-5.507062997822882,3.7973355588246025,11.622012601033564
225,-5.498975151254284,3.8059047171122633,11.640258260891144
226,-5.490998705754639,3.8141164306453206,11.658976412048887
227,-5.483201083798546,3.822493784407013,11.676354439924873
228,-5.475804053733697,3.8311637318814356,11.696155638690646
229,-5.468607138211028,3.839793448660435,11.7134044539658
230,-5.461470625037746,3.8484984315081263,11.727536912156086
231,-5.45426605374878,3.8568926071917478,11.746897850399403
232,-5.446999281679203,3.8656697403187708,11.764888263542085
233,-5.439374325303497,3.874443241713429,11.784116094787679
234,-5.431475367343099,3.8832465581196667,11.804027686455216
235,-5.423483443931475,3.8919715758911186,11.823587405096461
236,-5.415168981723487,3.9005928775683216,11.841581430416552
237,-5.407146414469105,3.90919277962558,11.857131340300205
238,-5.399061845742573,3.9175593278784464,11.874147183734497
239,-5.391220386675446,3.9262114660811553,11.893062329442937
240,-5.383249281371265,3.9345936123193783,11.90960646218197
241,-5.375656337124278,3.942980276491098,11.927854083087439
242,-5.3680109629017725,3.9514186587920372,11.948720035911442
243,-5.360491823496071,3.9598284400613055,11.967102029834901
244,-5.353162963259072,3.967903056710728,11.982800417884965
245,-5.345938676800422,3.976477007938875,11.998190603718223
246,-5.33879698143183,3.9849717485396834,12.018029563458338
247,-5.332032870472912,3.993479118258296,12.03532803437296
248,-5.325518040933958,4.002115235707995,12.05214212417624
249,-5.31905004299396,4.0106442593216,12.0700233145661
250,-5.312618811800672,4.018795028520648,12.085538749507887
251,-5.306359538536803,4.027302720190901,12.100961052276821
252,-5.300003674986627,4.03564938657117,12.11772877208476
253,-5.293829431435366,4.043749683841456,12.13185115229975
254,-5.287687705199625,4.052208501377175,12.149038254563317
255,-5.28166221019918,4.060502845550111,12.16734627984864
256,-5.27555744636507,4.0688198888048035,12.182499580122979
257,-5.269458159325567,4.076872087450861,12.198861582913889
258,-5.263256739828166,4.085156003213197,12.216312831769486
259,-5.257004619392815,4.093394982466672,12.236267236865428
260,-5.250479367801354,4.101650420011773,12.2531887609571
261,-5.244040253056923,4.1098631323721895,12.269261483442435
262,-5.237683328254424,4.117637836758361,12.287208670006715
263,-5.23120584899835,4.125680874625569,12.305210863200717
264,-5.224617119515831,4.13367314294473,12.320561837972244
265,-5.217733977370594,4.141578725848601,12.33631848246526
266,-5.210723824909533,4.149625430154262,12.351002740823294
267,-5.203656837517286,4.157509881892904,12.364221881651623
268,-5.196407931936497,4.165270255778665,12.379490401624587
269,-5.189281330830758,4.173002985821268,12.393027562931966
270,-5.1822326702266865,4.180814145213832,12.407051290235744
271,-5.17532031380214,4.188612334559596,12.424390727036073
272,-5.168385057566115,4.1964722199830895,12.441400985116836
273,-5.161472755139727,4.203972688729109,12.457586214189945
274,-5.154603199618825,4.2117555864615275,12.475225671355892
275,-5.1476736354367985,4.219854607450809,12.493613300600956
276,-5.140922174772086,4.227316319642664,12.51217947970516
277,-5.1340448187411205,4.234929444433659,12.5298349621455
278,-5.127454906732989,4.242646112618554,12.546500921943652
279,-5.120729058740061,4.250382269403208,12.562458896811457
280,-5.114170426960743,4.2581526339488915,12.578442418762023
281,-5.107572119951911,4.265722674902317,12.594353511094361
282,-5.1011899178443985,4.273490229522574,12.611666622644027
283,-5.0944442751160945,4.281057369860486,12.628438913173248
284,-5.087532146443991,4.288605788001091,12.643373780448485
285,-5.080862852185456,4.296187517428651,12.66012388496141
286,-5.074121886182043,4.303740065818124,12.677172606317608
287,-5.067410900402312,4.311291431603757,12.696210427769476
288,-5.060549938013143,4.318731845555626,12.712917958449655
289,-5.05376041841302,4.326425044634421,12.729384310801382
290,-5.046849101744368,4.333981926432513,12.74366068280468
291,-5.039958960892063,4.341684304624687,12.75635975487116
292,-5.033066094810094,4.349110018411933,12.773873504859427
293,-5.026205383715689,4.357041082353113,12.78736729539878
294,-5.019451470125661,4.364678782977857,12.803108508604303
295,-5.012787543895101,4.372360152727776,12.818097928159114
296,-5.006062917411037,4.379706852372232,12.833796276799136
297,-4.999470704744668,4.387485533243247,12.847933791743666
298,-4.992844280660782,4.394651579023698,12.864252019353607
299,-4.986224658518029,4.402017438974583,12.87935634565145
300,-4.979511561995097,4.409702218408276,12.894569804655648
301,-4.972888598459892,4.417313120866762,12.908171818030025
302,-4.96615290185502,4.424777094072982,12.924461256183223
303,-4.958971088213643,4.432648193785249,12.94170070953066
304,-4.952096003452545,4.439968150749236,12.956901454073531
305,-4.94508639667761,4.447332321269067,12.972662439403532
306,-4.938063466280793,4.4547785849578725,12.987491176663415
307,-4.931093133260047,4.462144066648493,13.001121278082188
308,-4.924029879963532,4.469384552424179,13.016007452246615
309,-4.917037033980658,4.476847737598219,13.030098751486845
310,-4.910211879789663,4.483993003343871,13.045138280826379
311,-4.903451461858426,4.491025562161291,13.06110218932298
312,-4.896740496949638,4.49832734485964,13.07758588744883
313,-4.89016893868643,4.505604403913939,13.092714375661256
314,-4.883876484041785,4.512564329889036,13.109068840718443
315,-4.877483762671462,4.519650141524972,13.123909743751566
316,-4.871412100983278,4.526979152384836,13.139082109391168
317,-4.865478730834051,4.533861779621811,13.154093401964964
318,-4.859296052879258,4.541033878518125,13.170268267445769
319,-4.852667719154378,4.5479598647826105,13.188524699960597
320,-4.845747711343793,4.554977201948588,13.204409170150456
321,-4.838723673725518,4.562119463302709,13.219685940014578
322,-4.831625937620682,4.569221774522192,13.234163345604808
323,-4.824642660101479,4.575837409460835,13.249102191128403
324,-4.817722438289982,4.582195352583113,13.26471085540846
325,-4.810769200687761,4.588556655730914,13.280855394342261
326,-4.804054501490806,4.594958653601832,13.29612600464014
327,-4.797418633545601,4.6015510950011445,13.310129002688662
328,-4.79068308129177,4.608416011094178,13.32582586855958
329,-4.783746947412119,4.615570859217207,13.341835460664555
330,-4.777023372328296,4.622327840925007,13.356280624662684
331,-4.770208073650399,4.629199408007704,13.373215716726923
332,-4.763249492831399,4.635741059822481,13.389807416242549
333,-4.75627882677131,4.642342161649896,13.404978284099279
334,-4.749056599257013,4.649281482401175,13.420201098392507
335,-4.741739120271004,4.656086811796044,13.433052872218463
336,-4.7343376930761,4.662948322981073,13.448756724767339
337,-4.727186176952644,4.669536837942518,13.462945426533727
338,-4.7197425561366995,4.676403883482773,13.478428401605996
339,-4.712190348516801,4.683024845984217,13.49416033456702
340,-4.704747131009208,4.689660816707498,13.510083096263411
341,-4.6973661167854495,4.696286028848458,13.5262185362583
342,-4.689974830760265,4.702912122942269,13.543794631697983
343,-4.6828177572147425,4.709546597029561,13.55844251813617
344,-4.675555242032574,4.716343362555052,13.573277764188058
345,-4.668358248408417,4.72286896191369,13.58725242853171
346,-4.661299345308287,4.729308193768998,13.599758849111
347,-4.654161146497804,4.735972128198013,13.613244026281059
348,-4.647213914485162,4.742563772615518,13.628200545295204
349,-4.640271848831908,4.749256240350053,13.64306844829633
350,-4.633282386296672,4.755770062771207,13.6563153560406
351,-4.626311224786094,4.762342754321313,13.668289563797174
352,-4.619320434747044,4.768756119229354,13.682973481802168
353,-4.612301245760333,4.775195867690208,13.700214116845984
354,-4.605338322555527,4.781479277941184,13.712093212013869
355,-4.598429788014949,4.787976646489076,13.729916442939613
356,-4.591609355942726,4.794446465674154,13.744412774076926
357,-4.584966154510735,4.80075357871301,13.758900601006763
358,-4.578076136651293,4.807278590687098,13.773297931871994
359,-4.571409203591097,4.813846253679073,13.78864578754781
360,-4.564643788345146,4.820101438713957,13.802917249908676
361,-4.557884658925912,4.82657699267554,13.817833621321512
362,-4.551104527906516,4.832912488489502,13.831025888815944
363,-4.544369359266497,4.839182316890138,13.843373594995999
364,-4.537673522437903,4.845733982087609,13.858121259816853
365,-4.531107479379562,4.852043315327687,13.87272020955752
366,-4.524422932833221,4.858674056304009,13.887775852108025
367,-4.517803708352717,4.865104274436305,13.902881584277896
368,-4.511285774366369,4.871521282333789,13.916045241406906
369,-4.504854151026358,4.8780475058921855,13.929217552661457
370,-4.498398451200972,4.884113337996156,13.941340095166035
371,-4.4919703897044005,4.890452181124872,13.955952455382324
372,-4.4853080399091,4.896698714798894,13.969644293618355
373,-4.478815048774733,4.903144061981286,13.983183354412114
374,-4.47237813991561,4.9092891290178,13.996635207604012
375,-4.465953839393601,4.915491772602369,14.011862342923244
376,-4.459428201983598,4.921834306756462,14.025039891161855
377,-4.452949794985804,4.928182284865624,14.040012872283505
378,-4.446434600698724,4.934434626166334,14.051194691460925
379,-4.439906527130176,4.940557919704782,14.065291140958763
380,-4.433220894550495,4.946855850710754,14.077106150009106
381,-4.426556638145771,4.9531213736032225,14.08895569256215
382,-4.419766155192281,4.959392298474931,14.102298843176449
383,-4.412989055247542,4.965656161212948,14.113689089113391
384,-4.4063113379135945,4.9717661836658715,14.126800630897034
385,-4.39940652871242,4.9777368618301505,14.138596717236789
386,-4.392462515918775,4.983914544152972,14.150068450357555
387,-4.385504260899945,4.990137078893771,14.161850599101147
388,-4.3785585422912,4.99620498108348,14.174206823980002
389,-4.371515762127176,5.002619418222679,14.187657569986145
390,-4.364589953042141,5.008630949534592,14.202037746488969
391,-4.357612465616107,5.014927452160089,14.215835585358011
392,-4.350804599225873,5.020840945935979,14.22994480651654
393,-4.34397216697554,5.026969866656594,14.2416884407602
394,-4.337233324146622,5.033146117043238,14.256939097469678
395,-4.330497586800594,5.039188987423772,14.271883826979117
396,-4.323738616588503,5.04511172884798,14.284506877908598
397,-4.3168802623674845,5.051244108426518,14.297881079109047
398,-4.309956275325391,5.057335951062991,14.310153382757159
399,-4.302888425050781,5.0632524534960845,14.32117865277966
400,-4.295919324338586,5.069271656717689,14.334060556049273
401,-4.288740428346338,5.075154639173186,14.34634208148871
402,-4.281660266802021,5.080932845882253,14.359092184792889
403,-4.274507815111807,5.086881776876248,14.3704574706618
404,-4.267494631016715,5.092702134422824,14.380870949158698
405,-4.260402163869936,5.098591991562522,14.392384978861587
406,-4.253441396837106,5.104410942162614,14.403688839917102
407,-4.246403708797642,5.110107049141506,14.414530894871017
408,-4.239457313996861,5.11582671195719,14.425863591137913
409,-4.2323842192798065,5.121627639075313,14.436422923376616
410,-4.2254588280388825,5.127451907799566,14.448150094314508
411,-4.2184312477692885,5.133384190559728,14.460806961650004
412,-4.211357936072063,5.139064929951564,14.471066874712717
413,-4.204143508396794,5.144912299962018,14.484388423726042
414,-4.197192404054531,5.150708511246571,14.496692278725593
415,-4.190202822106239,5.156461049948487,14.508142361035768
416,-4.183222642199474,5.162234875567615,14.52117344444698
417,-4.176169446100272,5.168010102530159,14.53170026998126
418,-4.169280727666305,5.173917298654525,14.5441990374341
419,-4.162282085746707,5.1798352315381,14.55595086377695
420,-4.155164082523283,5.185267149357104,14.56690316260783
421,-4.148056853141223,5.190682127903021,14.576686503996717
422,-4.1408549374475285,5.19628015049079,14.587691775937824
423,-4.133684829171799,5.20204381555123,14.599439223362344
424,-4.12664295179747,5.207789999912193,14.610475075744954
425,-4.119537060263799,5.213336870319061,14.623429800421633
426,-4.11236224332339,5.218751652212275,14.63288172639084
427,-4.105200811979867,5.2244706923623205,14.643652864877078
428,-4.0978531668655105,5.2302186101493024,14.655816521725459
429,-4.090909312163794,5.235742710349327,14.665746470168699
430,-4.083581089787738,5.241249561097774,14.676247934300083
431,-4.076234391207057,5.246815665946965,14.687406943949142
432,-4.069029584415842,5.252251095309567,14.697865324202368
433,-4.0620249437597185,5.257713354142675,14.710401087061154
434,-4.05478192709652,5.263258915122451,14.721619895786606
435,-4.047480300415088,5.2687456113509485,14.733688526985695
436,-4.040233112862968,5.274365877351984,14.745885869345999
437,-4.032896366833618,5.279619279868214,14.75650262719945
438,-4.025469647361227,5.28495915230015,14.768356454669146
439,-4.018076880909788,5.290480691875522,14.778077763408433
440,-4.010496762037544,5.295888565244873,14.788379724302061
441,-4.0031214351932025,5.301289592570535,14.797653303013089
442,-3.9959552515880903,5.306549428012855,14.807174247268687
443,-3.9888871269338355,5.311780691459991,14.816311105752792
444,-3.982016780534629,5.317331829035411,14.825914580064545
445,-3.9753095377082017,5.322560212530025,14.834539986400415
446,-3.9686670773803003,5.328032062301116,14.843493750056359
447,-3.9620495896289816,5.333386930590526,14.850483680984345
448,-3.955582264279168,5.3388142974714725,14.85986177572114
449,-3.948920392523667,5.344067381926353,14.86970493769272
450,-3.9419958108944746,5.349364574235707,14.88090125219573
451,-3.9351271744790806,5.354590994187483,14.890336986945456
452,-3.9283445281294993,5.360032152212699,14.900823714566584
453,-3.9213366637180282,5.3653070760760375,14.912423982050651
454,-3.9142314080262075,5.370644564752343,14.923054400709006
455,-3.9069562963687354,5.3759596101116935,14.935501179302044
456,-3.899860104423136,5.381415781851885,14.946168645869303
457,-3.892827409011012,5.386816943861307,14.960863405144131
458,-3.885629305072782,5.392279965670694,14.971931317498132
459,-3.8783201911945095,5.397741696785146,14.985268406719644
460,-3.8710327892411964,5.403058154124352,14.998125990439323
461,-3.863695795070727,5.408470757494705,15.00937464054767
462,-3.8563122767317486,5.413612885949228,15.02151398165717
463,-3.8489212193548488,5.418778004799696,15.031932298163953
464,-3.8413812861617322,5.4238229479370155,15.04379904311292
465,-3.8337287484816507,5.428905607171499,15.05399023293528
466,-3.826211821173098,5.434119443953712,15.064715335445335
467,-3.8188415208432485,5.439349049256251,15.077714184610791
468,-3.8113837143999785,5.44427228978083,15.089823105838125
469,-3.8041106172191244,5.449215626487494,15.101640825919958
470,-3.796672676867384,5.454187515040122,15.114479200265077
471,-3.789179854693087,5.459221848926915,15.126945232392957
472,-3.781877579418066,5.46429747428272,15.139982644177907
473,-3.774391049876398,5.469423439524423,15.153102303624326
474,-3.766609018162188,5.474484834020936,15.166513043131268
475,-3.759220499922484,5.479518680895743,15.178873425099487
476,-3.7516193715615263,5.48446337474868,15.190277141172942
477,-3.7443862991495527,5.489399868312182,15.201827607773325
478,-3.7371950751552823,5.494218106210247,15.21457288345618
479,-3.729987379595476,5.499165177691177,15.226106860973452
480,-3.722874571474171,5.504153889769687,15.24089701882743
481,-3.7155731874382627,5.509009932865286,15.2509627261301
482,-3.7083685251970318,5.513917482800899,15.261369566032338
483,-3.700942256284087,5.5187967947490355,15.272885302240187
484,-3.6937080207403565,5.523901645044535,15.28319244256711
485,-3.6865600920223116,5.528925844325723,15.292291388057144
486,-3.679296735133072,5.533826820270989,15.303208115788877
487,-3.671927335869114,5.538840742022462,15.31302683708801
488,-3.664600165778867,5.543752246283885,15.324255606555482
489,-3.6570407502461446,5.548590895464979,15.334336479460081
490,-3.649581483868935,5.553598829385914,15.345017307000901
491,-3.641945618524854,5.558614920808987,15.356368888819112
492,-3.6341478190647614,5.563737355523725,15.366518477233956
493,-3.626574731166768,5.568637766673253,15.376373656998442
494,-3.6191395025242903,5.5736040403632625,15.385583221362692
495,-3.6116525577401313,5.578511029950342,15.39697864475691
496,-3.6041481009444913,5.5833827326653065,15.408273725923019
497,-3.596682534363804,5.588244343207292,15.419224727182131
498,-3.5892817630223717,5.592966839273863,15.4296772424597
499,-3.581724535097839,5.597862072288306,15.4403176644721
500,-3.5744720544153044,5.602717901316519,15.452193287626153
501,-3.567061229296158,5.607616766744469,15.462859486039946
502,-3.5598311408415704,5.6127470088468625,15.472479011928792
503,-3.5524791299922818,5.61767814437539,15.485374680428206
504,-3.5449978503889543,5.6225504417205086,15.497894223103666
505,-3.5374525954646048,5.6273877467793465,15.509128828383226
506,-3.530047182057011,5.632215689772428,15.521079682193212
507,-3.522670375483956,5.636941112316629,15.530843438974363
508,-3.515358683133856,5.641828765512181,15.540393310877107
509,-3.508076451281923,5.646710129812169,15.549244455273733
510,-3.5007631757691806,5.65144068641977,15.55812996743182
511,-3.4932068538402086,5.656221819154641,15.564997091771199
512,-3.4858442904938745,5.660853928440113,15.573430978547346
513,-3.478334747751132,5.665668709158331,15.58178446404602
514,-3.4707382824089263,5.6704607631675605,15.588450240323198
515,-3.4632505069651147,5.6752563923871655,15.597017137527182
516,-3.4557509942706344,5.680023613372391,15.606015204437728
517,-3.4483989401477335,5.684714171549809,15.61351536369428
518,-3.4407925582431265,5.689362522819411,15.620744718150283
519,-3.433062776926594,5.694224873491445,15.628473072051104
520,-3.4252899949039715,5.698814686771021,15.637192217025767
521,-3.4175177988235426,5.703530512206527,15.646063965895156
522,-3.4099874667710006,5.708236071145085,15.657327898907626
523,-3.4023807077504884,5.712768856386719,15.667128854224883
524,-3.39467520280769,5.717317439063612,15.676491618728093
525,-3.3870281931135313,5.721892347738787,15.686129068112503
526,-3.37928560426128,5.726388983228293,15.69590530153527
527,-3.3718170945036436,5.731138238706559,15.70753901311884
528,-3.3642189239510754,5.735590455759377,15.717117523530181
529,-3.3567050657341846,5.740336172509962,15.726512545933396
530,-3.3489704190944547,5.744920532531726,15.737431262060412
531,-3.341498676349183,5.749503982948832,15.74584712243545
532,-3.3340918191405615,5.754233921422059,15.755989852229252
533,-3.3266535504535852,5.7588313149179475,15.766150978682136
534,-3.3189966145155814,5.763412133700686,15.775437320369694
535,-3.311472936397779,5.767975215248541,15.783824087611299
536,-3.30375356286216,5.7724240978874235,15.793797406590375
537,-3.2961745957765354,5.777040321115427,15.80088576307315
538,-3.288503481166319,5.7815720635427414,15.81154313341241
539,-3.2808481125352533,5.786121578157285,15.823118273382576
540,-3.273078013413313,5.790503629334456,15.833848320082943
541,-3.2652633195618326,5.794954549445038,15.847683983435365
542,-3.257424649951036,5.799351614492141,15.859185539974245
543,-3.249494395536514,5.8038814909190375,15.870657090226725
544,-3.2418231552131185,5.8082500873325,15.88167565141527
545,-3.2341863810822353,5.812871601129127,15.892178294666042
546,-3.2267270011230424,5.817306604057298,15.903080491016215
547,-3.219143077856586,5.821770366041884,15.915024637937119
548,-3.2116868632969,5.826287658102634,15.926842705357592
549,-3.204233887488072,5.830663247262361,15.938058724933404
550,-3.1967674478826833,5.83497169490534,15.949376509794106
551,-3.189282563435354,5.8396727741880134,15.958491023378748
552,-3.1817231338449536,5.843857090543806,15.967738858185076
553,-3.1741900857280134,5.848165630928741,15.976597906091767
554,-3.1665863086226596,5.85245774373452,15.986357438777542
555,-3.158843706364002,5.857018647846239,15.994985950887296
556,-3.151092318703975,5.86134021910719,16.00507179753138
557,-3.143355848504113,5.86578213142654,16.01455941747732
558,-3.1355976313810725,5.870273362316972,16.024057985443484
559,-3.1280013285892343,5.8747422045096656,16.03317325165803
560,-3.1201205131016283,5.878984857446418,16.04237514659551
561,-3.1124625939196893,5.883481447330711,16.052032144675984
562,-3.104678766738168,5.887908042249501,16.06074697486304
563,-3.096994264906265,5.892308521729259,16.069316952078946
564,-3.0894596263412004,5.896735365031228,16.07779170832616
565,-3.0815716739906054,5.901148678862707,16.087735178565424
566,-3.073900240946455,5.905490914825301,16.09473393484837
567,-3.0659928908660996,5.9096587543370305,16.10205035312343
568,-3.058046135480373,5.914093954072423,16.108892756333084
569,-3.050220267833157,5.918434612386587,16.116669966135106
570,-3.0423867192637024,5.922759454430253,16.121992125861013
571,-3.0346705364933495,5.9270924629982495,16.129486381559744
572,-3.027011267516752,5.931257963196426,16.137629078444185
573,-3.0191732314708006,5.935396528614197,16.145240194250416
574,-3.0114642398558473,5.9395236613368505,16.153066788524438
575,-3.003693259438869,5.943306403509643,16.16197396380628
576,-2.9959410399107824,5.947093143115213,16.170049602766873
577,-2.988139423145872,5.950836996655147,16.18034720927084
578,-2.9803191839869516,5.954600065797514,16.190242666100975
579,-2.9724754377169385,5.958301100771811,16.199174843737325
580,-2.964709450807448,5.962331380711308,16.207875787435633
581,-2.9570746980045692,5.966267283027591,16.218416609945812
582,-2.9492796512173904,5.970386666803526,16.22919220863257
583,-2.941917254477887,5.974399533663325,16.240600721819966
584,-2.9344943112598,5.978424005449629,16.251252424366463
585,-2.927027790576839,5.982524421234566,16.262033592689473
586,-2.9194446171155826,5.986749462828122,16.272415476955608
587,-2.911564998880281,5.990760411581709,16.282545068780998
588,-2.903483099155596,5.994774722688744,16.291235450995064
589,-2.8957520515166593,5.998821125919756,16.300086216932403
590,-2.887832811783762,6.002922733029987,16.30952647588716
591,-2.8800798166977795,6.007005114390106,16.318810842866238
592,-2.8721855555762574,6.011076954261952,16.327527259887336
593,-2.8643915985787736,6.015029552724734,16.33634729010379
594,-2.856532802202235,6.019011854192559,16.34581127485906
595,-2.848759368934862,6.0230089159695375,16.354377413124357
596,-2.8408255636394526,6.026938772993498,16.363704184385078
597,-2.8328132098354053,6.0307794013040805,16.377083527029654
598,-2.8247327083678897,6.034791208525265,16.38578486155481
599,-2.8166994372903136,6.03877941729655,16.395951887269497
600,-2.808654209234124,6.042958241042943,16.40494467759639
601,-2.8006132925881557,6.047059632878054,16.415878580933274
602,-2.7926291694020806,6.051110170467048,16.426481887438875
603,-2.7847205443913268,6.055174618773633,16.43605442419804
604,-2.7765428678874047,6.059321845125311,16.446348892096257
605,-2.7685779395520598,6.063530190221533,16.45976055668163
606,-2.7606497122401614,6.067592512022261,16.471302321918177
607,-2.7525404270546296,6.071621851890402,16.4821757347842
608,-2.744459951725074,6.0757059043336605,16.493951481045162
609,-2.736465486695474,6.0796862793829405,16.50552546594447
610,-2.7286742610657897,6.0835872296476285,16.518248501900306
611,-2.720857805942035,6.087484058610068,16.52960990880802
612,-2.7128056283650572,6.091388271995125,16.540361958388896
613,-2.7048756330134394,6.095206696807415,16.554174142879393
614,-2.6971002540758606,6.0991535444268195,16.567875852830994
615,-2.6890110417970723,6.103156004040606,16.58091620484663
616,-2.6813317700109978,6.106959149144444,16.59240022721542
617,-2.6733061958481716,6.110833496432115,16.602371812930564
618,-2.6655881768778142,6.114659936713839,16.61351857270778
619,-2.657545546528769,6.118454126136579,16.62503626166428
620,-2.649618427458445,6.122201674274142,16.638232442296783
621,-2.641491882880522,6.1258284423156235,16.64909197522284
622,-2.6334196738580733,6.129401486720371,16.66001952146285
623,-2.6253498501777695,6.133008918981002,16.671986626292508
624,-2.6172083961819497,6.136780163218102,16.68555277199819
625,-2.6091300172552385,6.140557896430323,16.696661827579018
626,-2.6012871910806616,6.144270378895534,16.706945172889718
627,-2.593182624932981,6.147983850888249,16.719577949808425
628,-2.5850708710059016,6.151731125393165,16.731656421692776
629,-2.576996677248612,6.155573460136022,16.744133386238754
630,-2.5690537262272484,6.159229870776063,16.755109043428412
631,-2.5609987211533713,6.162751332954737,16.765239304689963
632,-2.553228146180457,6.166205845915898,16.776013361734396
633,-2.5451528986389453,6.1697656556947384,16.785879104722465
634,-2.5373351058806666,6.173368192579064,16.796525469408174
635,-2.5294085184952433,6.1771746385710165,16.80627133453308
636,-2.521556281605621,6.1808040936336015,16.817840566309755
637,-2.5134708272217283,6.184683539281115,16.829149212210183
638,-2.505414875575872,6.188372624803535,16.840625825993634
639,-2.497262297626395,6.192125138389598,16.852233738519622
640,-2.4891669852781275,6.195976119288097,16.8630416084588
641,-2.4811190228308844,6.199841586755688,16.87592437166183
642,-2.4730697915514095,6.20376343859876,16.887956002024318
643,-2.465017033616118,6.207504693286191,16.899870338595793
644,-2.4567743609549013,6.211228089429287,16.91076840210981
645,-2.4485510893603024,6.21478938584633,16.923804008592434
646,-2.4404542379500485,6.218322659266208,16.93429981978645
647,-2.432093109031503,6.221933003240304,16.946016064116822
648,-2.4238817830678885,6.225595049772553,16.956264458263316
649,-2.4156446678202137,6.229124832238947,16.966118589157542
650,-2.4072027325974257,6.232848553317079,16.97716697536629
651,-2.3990562468589793,6.236565094111121,16.98751251460766
652,-2.390943964460848,6.2403171286271935,16.997726994091746
653,-2.382810563863808,6.243813008337261,17.008015360382334
654,-2.3747233686626164,6.247434567807783,17.01859505570323
655,-2.366747723984996,6.251040602435313,17.028642196702688
656,-2.3586783220578478,6.254486666914011,17.040118974244788
657,-2.350808875146594,6.257887867825024,17.0499882214114
658,-2.3428151657835117,6.26134948636915,17.058945840294456
659,-2.3346581901350802,6.26495145330619,17.06891249226958
660,-2.326616900999193,6.268386052166221,17.078533365106026
661,-2.3185496272548214,6.271535202013371,17.08966725658489
662,-2.3105394931372807,6.274396041459905,17.09961667527617
663,-2.3023859677384477,6.277334645624952,17.10937274880211
664,-2.294213612424298,6.28039768382232,17.11976371175623
665,-2.2858480495974662,6.283587895393069,17.130982178261497
666,-2.277809784650259,6.286773275477916,17.14192661533463
667,-2.2695329476411104,6.289999353247197,17.15324658506683
668,-2.2614271375770985,6.293255900053635,17.164730606807304
669,-2.2532074644491273,6.296705195273036,17.176221603754847
670,-2.2451178703549433,6.300064107948937,17.1869620024426
671,-2.236829088942663,6.303566192951955,17.19691862001758
672,-2.228167749020669,6.307054389254885,17.20645147745277
673,-2.21978230636058,6.310615545549929,17.21710118195477
674,-2.2112838733896556,6.314148932457412,17.22850611266201
675,-2.202789904272917,6.317689305709637,17.23824756275909
676,-2.1943023510345303,6.321231057874648,17.24848433172296
677,-2.185797437549818,6.324792466085272,17.260058266254624
678,-2.177057260978887,6.328351544433069,17.271290775314462
679,-2.1686092774539865,6.331867072644779,17.282195292755453
680,-2.160219880581602,6.335384307494335,17.292559799116837
681,-2.1516689947189396,6.338928073909705,17.30236249645897
682,-2.143260969551421,6.3423831776892285,17.313703611774596
683,-2.134678153115137,6.345910797858105,17.324620479421753
684,-2.126265364591318,6.349351698484038,17.33451707579114
685,-2.117619593039,6.352824264281239,17.343579839148337
686,-2.109181128004651,6.356302009934324,17.354575285685524
687,-2.1005625367566587,6.359655323361725,17.364955884403766
688,-2.0919197356236015,6.363040390298747,17.373004423776568
689,-2.0832519997022323,6.366452898286593,17.38262789620133
690,-2.0748320971885006,6.369676753388491,17.39130937381413
691,-2.0664475025570974,6.372963096436079,17.399762101226038
692,-2.0579283359287084,6.376277209636296,17.40930943827396
693,-2.049236462064201,6.379574626549648,17.417317976014317
694,-2.0406395569207003,6.382957323232422,17.42648849423743
695,-2.032123196148943,6.386323765071442,17.43642364260526
696,-2.02355531970405,6.389596642695386,17.445693999443083
697,-2.0149445494576583,6.393100522160813,17.454207971473178
698,-2.006282176298439,6.396473590209157,17.46246755213416
699,-1.9976044341306562,6.3998209720040045,17.47087009274726
700,-1.9888738758824624,6.403130762317112,17.479220297308892
701,-1.9804091393765688,6.406289883282602,17.48822925045087
702,-1.9716796347645074,6.409483086453337,17.497692929658054
703,-1.9632473109755875,6.412693181323214,17.508352408708596
704,-1.95472971703679,6.415789606905145,17.520081360189966
705,-1.9461527750561787,6.419059375275342,17.53032612225813
706,-1.9374907838880953,6.4222828073576474,17.542083574310986
707,-1.9288720253016498,6.425452946220487,17.55414996541912
708,-1.920219092513694,6.4287288515900975,17.565556874525385
709,-1.9112712101738936,6.432058541037303,17.57544861630317
710,-1.9024812827797917,6.43545387622705,17.58643135615326
711,-1.8936081950578,6.4388486725061735,17.595058504164584
712,-1.884935651206913,6.442271760217847,17.603245488393686
713,-1.8761638549505917,6.445584955934031,17.612069022308958
714,-1.8672362219210237,6.448990849292398,17.62038495327067
715,-1.8584454192518085,6.452514718463069,17.627301973870185
716,-1.8497008777852515,6.455934903896736,17.634037415127402
717,-1.8408917929086708,6.459275536569453,17.64080043032662
718,-1.8320916312089537,6.462671872841119,17.64818320404534
719,-1.8231634882452075,6.46587800509366,17.655123123846217
720,-1.8143123970420416,6.469094305410551,17.663867074906932
721,-1.805271950963241,6.472206473612306,17.67187063519257
722,-1.7964534703755206,6.47523119360111,17.679262100744136
723,-1.78723967715177,6.478010800961104,17.686677361440985
724,-1.7781194718072961,6.480702232322792,17.692885031119175
725,-1.7690875313603018,6.483265126896972,17.700012032633122
726,-1.760021751410951,6.485816534511711,17.70690787113337
727,-1.7510396418487661,6.488473731971768,17.714235604152957
728,-1.7419071977961194,6.491366259462257,17.721176498129015
729,-1.7327059704486825,6.494220771656669,17.728759039091948
730,-1.723695595388917,6.496885683652724,17.737152338904824
731,-1.7146464514481181,6.499483067956492,17.74442198412858
732,-1.7056122717090372,6.502077692200812,17.75322801132232
733,-1.6965191139880296,6.504877306609514,17.762289706491718
734,-1.6874548016794177,6.50759905630808,17.772254015818657
735,-1.6784584466241732,6.510336025647253,17.7835125982903
736,-1.6694730061372898,6.512889581341682,17.793373567293912
737,-1.660563512982792,6.515283716104239,17.805353405165633
738,-1.651630264021271,6.517799575280356,17.817893699462353
739,-1.6426032626480485,6.520494524449942,17.83030801189222
740,-1.6333434517414727,6.523359346580211,17.84225327390633
741,-1.6240761688035745,6.526474892163037,17.852903954570337
742,-1.6149802058148235,6.529723760629336,17.863780595557433
743,-1.6058380747404506,6.533085749849372,17.874425863520457
744,-1.596653934224589,6.536145638021618,17.882736821841288
745,-1.5872607238103262,6.538827358367509,17.892538989666935
746,-1.5780057056243852,6.541030014389321,17.901337160208318
747,-1.568627070931174,6.542906079277628,17.912872431710113
748,-1.5594083029193855,6.544501700702142,17.920932157918223
749,-1.55021606529085,6.54601014930857,17.931855133422673
750,-1.5409581261795458,6.5475404542771765,17.94251963942866
751,-1.5316359437628682,6.549040984300471,17.951788174473872
752,-1.5223112364766498,6.550661095976846,17.963299073565565
753,-1.5130742753340138,6.55254651370218,17.972765350478184
754,-1.5037174983308916,6.55479525682103,17.98346806832084
755,-1.4942580416475448,6.557450208567243,17.99716995963236
756,-1.4848701791390087,6.560475192270495,18.01317682873074
757,-1.4753273611326916,6.563694073491356,18.02916859100335
758,-1.4658685735670665,6.567147328804426,18.04360541248615
759,-1.4566132598931532,6.570693356844363,18.058764290651162
760,-1.4474055167269075,6.574263080597325,18.074138038584373
761,-1.4380726477070096,6.577867965740134,18.090844453408053
762,-1.42851891950138,6.581322797002807,18.10908678459065
763,-1.4189480201058615,6.58466279794135,18.123806595440094
764,-1.4094851450084318,6.587379275690802,18.137440602191457
765,-1.4002435144505165,6.58985889087946,18.14779183479464
766,-1.390687215516903,6.592460564235093,18.157933088202697
767,-1.38124608638985,6.59532189222919,18.166908996987427
768,-1.371840747704764,6.597872095850313,18.174307255762187
769,-1.3622122105484133,6.59977073243462,18.18252053570845
770,-1.3523754828597894,6.601241896164343,18.192046543211276
771,-1.3426778164934738,6.602533265188048,18.20023626500712
772,-1.3330648702184986,6.603826213978529,18.20819539292058
773,-1.323476852102221,6.605126372742436,18.215892244499546
774,-1.3138446259244134,6.606604474023962,18.22368152178211
775,-1.3040433289921665,6.608351186022463,18.23137553500416
776,-1.2942424234293188,6.6103542591708875,18.23931706930573
777,-1.2845307555975662,6.61233425384385,18.24875992567781
778,-1.2746647394260247,6.614003521972388,18.256061646476635
779,-1.2648072954513858,6.615342640200522,18.26406988279261
780,-1.255205901290571,6.616502272366026,18.27138958017747
781,-1.2452821758715946,6.617538727755891,18.279036637652396
782,-1.23536952005604,6.6185270536999825,18.286931084053425
783,-1.225731371561545,6.619524311731382,18.29632382479253
784,-1.2159325832707215,6.620587625289064,18.304687709641183
785,-1.2061027035261254,6.621720779839338,18.316887499516334
786,-1.1959467562127661,6.623014650983407,18.330395205205974
787,-1.1859168541048313,6.624406670319656,18.343332728168285
788,-1.1758629076033638,6.625818969797132,18.3587588929783
789,-1.1659041118507623,6.627336157257854,18.373437342870353
790,-1.1558217069633012,6.629020002231044,18.392408163084333
791,-1.145794210450031,6.630940379609255,18.41050410997047
792,-1.1356449146232839,6.633035686500259,18.42901029010749
793,-1.1255153496515795,6.634998745699095,18.44513839776292
794,-1.1153886914687188,6.6366952538044615,18.46228633906481
795,-1.1054424623308288,6.63814868387137,18.47635141639831
796,-1.0951572856636036,6.639454589925358,18.492681114922856
797,-1.0850759243313726,6.640647874357489,18.507868918350265
798,-1.0749846268388765,6.641866826248696,18.524143849678865
799,-1.064945178810712,6.643240649143744,18.54399452524954
800,-1.055099581179932,6.644762853077557,18.560964019245027
801,-1.044839949776909,6.646768556496866,18.57769877805582
802,-1.0344511802987681,6.649613145760217,18.591769928317046
803,-1.0239646969232084,6.653168698166038,18.607331094585767
804,-1.0136851308033783,6.656920095780395,18.62553612362975
805,-1.0033518633600682,6.660793650734417,18.6410249109553
806,-0.9932223254041522,6.664648438580253,18.654856263382733
807,-0.9828974205722496,6.668565160063951,18.66965898530251
808,-0.9727771099299216,6.672561238188477,18.685408864293635
809,-0.9623143690184849,6.676475065468187,18.70115731391664
810,-0.9517530917487459,6.680418684271827,18.71374125844676
811,-0.9410603496175515,6.684361176782294,18.729041380097602
812,-0.930496360865144,6.68828053410783,18.74346771074766
813,-0.9200098942126932,6.692329075125485,18.755963074159652
814,-0.9092326165958344,6.6963869579596915,18.769201123541887
815,-0.8986600216346393,6.700477740380246,18.786732932397534
816,-0.8879680952653046,6.704643925868695,18.801990247617145
817,-0.8770004396973212,6.708773000312911,18.815523240493576
818,-0.8659546672433202,6.7129799634806755,18.828838342546778
819,-0.855051907569566,6.717118223973744,18.845499519917606
820,-0.8441733277625552,6.721157287929314,18.862495110265144
821,-0.8333326657031702,6.725403851230924,18.878353906686108
822,-0.8225536778119096,6.729419821139467,18.893640845948596
823,-0.8118412194636353,6.733692063178749,18.907423843969
824,-0.8007841508267177,6.738213973943655,18.92158537932674
825,-0.7898991607867237,6.742430748668799,18.93795522119354
826,-0.77856489308862,6.746626155442555,18.95300992356929
827,-0.7674993781070816,6.751079701734085,18.968675982555798
828,-0.7564435775931515,6.755657031417493,18.983868244950756
829,-0.745256251137707,6.76034487753142,19.002944747173064
830,-0.7340341367933458,6.764888101566234,19.017447776685184
831,-0.7225601589341636,6.769507559796069,19.03339022681964
832,-0.7113987110770189,6.774073462161244,19.049682594219707
833,-0.7001133927641183,6.778695615442789,19.063493251805756
834,-0.6885042746650811,6.783222754195425,19.07552201517946
835,-0.6768307951603098,6.787832492111443,19.088750775339516
836,-0.6651092651392185,6.792534476465354,19.10318229367157
837,-0.6536396916742444,6.797254238062361,19.113788276291665
838,-0.6419679196157239,6.802032399250692,19.131310075062178
839,-0.6298536277441475,6.807014451204259,19.144137308202488
840,-0.6182639476920065,6.8119037734134755,19.15788259011428
841,-0.6067548869359068,6.816914298783518,19.17571791530053
842,-0.5949646907910602,6.821788605616563,19.19351539207008
843,-0.5831631503975326,6.826803970361798,19.215094815774144
844,-0.5714371878333315,6.831828257659773,19.235880559972266
845,-0.5593360513362844,6.836967261934346,19.254595543579118
846,-0.547478807200489,6.84214276414539,19.277106897638184
847,-0.53543869541406,6.847191949895324,19.300280930481343
848,-0.5232210505221538,6.852602331751861,19.322629943046792
849,-0.5109795766078891,6.857999385475678,19.34464599887213
850,-0.4987291296383278,6.863214592952247,19.364100086160597
851,-0.48660054453855495,6.868532716741836,19.384407335581045
852,-0.4742402810216297,6.873791165266606,19.404036138162724
853,-0.46148814891817846,6.8790984392465635,19.41951654810927
854,-0.4490843391157201,6.884580384485147,19.438398454887512
855,-0.43625933480887413,6.890071108551543,19.45502279934172
856,-0.4234645296429821,6.895338721203305,19.47135811196919
857,-0.41092541538982913,6.900616668235959,19.492953773357065
858,-0.3983121169832158,6.906148835304163,19.51021604204702
859,-0.3853026063671652,6.911797297646563,19.53034120907958
860,-0.3724007811925564,6.91763559452613,19.549692043727646
861,-0.3594559030227704,6.923297397972179,19.571058948521117
862,-0.34633284011417353,6.929142359291436,19.589982745268024
863,-0.3328150206470265,6.934975186634725,19.613388253302762
864,-0.3194125444753759,6.940637330584188,19.63321073059813
865,-0.3059038332250307,6.946291330613514,19.651275144921183
866,-0.29244010987124963,6.952225980893965,19.67150786133228
867,-0.2787596536051785,6.9581956415506605,19.68488103587789
868,-0.265062768379419,6.964363932926235,19.70061490809345
869,-0.25146962243491067,6.970504233193541,19.7179412551227
870,-0.23778106209054267,6.976865964471147,19.737681486518955
871,-0.22413598665961246,6.983329584083712,19.757624396031567
872,-0.2103738484829592,6.989974643597993,19.784028045243307
873,-0.19645018191808455,6.996718525193362,19.810865409995337
874,-0.182667780200802,7.003178993094928,19.8339216331418
875,-0.1688127796177717,7.009788033316929,19.85518714572548
876,-0.15521651797869254,7.016553595456571,19.881841030113776
877,-0.14135907357597077,7.023038698986757,19.902147265025594
878,-0.1272342905540657,7.029954924559565,19.925759296718894
879,-0.11298577659743515,7.036869922139533,19.948506173431376
880,-0.09829687399822357,7.0436502909403,19.969773038995164
881,-0.0837683796551733,7.050523784823276,19.99206911869544
882,-0.0690340895066216,7.057689991878123,20.016025733071338
883,-0.054000061962752664,7.064905664383372,20.040845553463836
884,-0.03938217916960256,7.072029293182262,20.06467243357114
885,-0.024461305651112857,7.079444504457365,20.09227906921017
886,-0.009649392789469514,7.086706705744931,20.117154311325038
887,0.005517036907402037,7.094444983305763,20.143313657449806
888,0.021043479896632376,7.1019391769048035,20.173374269308685
889,0.03677369031841808,7.109540912981231,20.20541960930573
890,0.05213946460480688,7.117042927891795,20.238398879343954
891,0.06772197492492221,7.124839255771262,20.27084407110199
892,0.08330959904322975,7.132646021181277,20.296217156239486
893,0.09891610965416262,7.140286448577739,20.326886217173314
894,0.1148847275875084,7.1482918174466406,20.36066096164349
895,0.13096919325191464,7.156048719953632,20.39615184424349
896,0.14709204315150662,7.164003422729258,20.431277317481673
897,0.1635551733122086,7.172340360611904,20.466268420831263
898,0.17958231737401267,7.180538887159642,20.492339251995418
899,0.1961030333855103,7.188588200501346,20.523327349543514
900,0.2127246233678389,7.196738387927445,20.55941035139538
901,0.2290792146368914,7.204979514705391,20.593472163557472
902,0.24622196969417567,7.2132987944249205,20.63146238315078
903,0.2632215480002433,7.221392779930837,20.674722293782835
904,0.2805199485051761,7.229944902744228,20.712072774240543
905,0.29812506075877254,7.238360636307138,20.755271057556943
906,0.31519762331628143,7.246972742957819,20.794674956577147
907,0.33282715205862173,7.2555765042266716,20.83051966991634
908,0.35058346970675375,7.264470405189015,20.875448553200705
909,0.3687508257199723,7.273432041342981,20.91712725847813
910,0.3870033470816121,7.282865295791826,20.956952558152487
911,0.40524153006623753,7.292377758407618,20.993568099895597
912,0.4234440453890277,7.301893849732107,21.030637625099867
913,0.44208060431978313,7.311238537272728,21.06763103559382
914,0.4608373093807811,7.320921871195149,21.09620299745016
915,0.4797289786564479,7.330935413466641,21.124886048515634
916,0.49867945281037823,7.341142674339706,21.155793658862944
917,0.5178191560332243,7.351131926161751,21.184831402278704
918,0.5373498484597569,7.361373177119546,21.215713976430155
919,0.557106858145676,7.371529293184459,21.247780213802862
920,0.5773542867187417,7.382311089712772,21.27993556063192
921,0.5973570021423132,7.392739213280505,21.322719862495866
922,0.6175653546081266,7.403921391012398,21.362362394655314
923,0.6384760091590932,7.41489438495044,21.403800284449687
924,0.6593331143474213,7.426122443893069,21.452667185435683
925,0.6799179922491627,7.43726896837161,21.492623784576168
926,0.7013092601634581,7.448024017774029,21.533278539331757
927,0.7233280568042805,7.459993533362389,21.577270353802575
928,0.7449992414884801,7.471604879108595,21.625757914480367
929,0.7671800854834971,7.483382329652633,21.672364009390797
930,0.789159381761848,7.495228024347396,21.724583403243308
931,0.8114148505473789,7.507256540232275,21.769315477841534
932,0.8333236401783503,7.518822169206523,21.822381692173742
933,0.8561475014898887,7.5308109671017025,21.872312226108235
934,0.8798766923606051,7.543506844104794,21.92170431191527
935,0.9041861322411141,7.556568260519309,21.972216020822962
936,0.9281591662736406,7.569816506382034,22.025160833238218
937,0.9519684918169464,7.5832669882276384,22.084168428099762
938,0.9768571485615763,7.596803025048737,22.145680185831413
939,1.0017428665453016,7.610458222800664,22.200506907748576
940,1.0267103768988393,7.6245249181894,22.255702139676753
941,1.0520505419732826,7.639432735428245,22.316429593754915
942,1.0783572735912115,7.654301474169676,22.380075781068648
943,1.1042051996209472,7.669324616328766,22.456628751881595
944,1.1305192666485087,7.6846759793695245,22.511285246142684
945,1.1575349582158914,7.70057642926682,22.56928736507241
946,1.1843197601560966,7.716804058343082,22.61835351562074
947,1.2121063415456177,7.733018529021675,22.66216070104855
948,1.2395151077250461,7.750047826760121,22.709176595986467
949,1.2685364713033986,7.766884202487015,22.75126651603128
950,1.297358486201598,7.784509107497497,22.791538832307758
951,1.3268391267513586,7.802451734912909,22.84081429460867
952,1.357748705556816,7.820975648183987,22.892153070155693
953,1.388690998145358,7.839769556581675,22.942655517522162
954,1.4206344905087007,7.85852787354867,23.013261120580083
955,1.4528802664351277,7.878491390589833,23.076305820959426
956,1.4855934271792315,7.898775798499151,23.144154885547746
957,1.5198660992505022,7.919660880548938,23.212280385637445
958,1.5540552095640257,7.941094984937142,23.277251312568364
959,1.589200156579388,7.962358346471293,23.35092787288902
960,1.6264253202363315,7.984739136101736,23.41563847769533
961,1.6637648443890714,8.007715692543595,23.47853660515927
962,1.7019513516963445,8.03081533987258,23.547135111467856
963,1.7407271065101717,8.055770917057288,23.616867345128163
964,1.7808756281770908,8.080235720774493,23.694437601458578
965,1.8218154558257258,8.10453472991002,23.783131415716653
966,1.8641845231234146,8.130586813857589,23.87834783307883
967,1.907046827181072,8.157554126726431,23.97120599866612
968,1.9513458386157516,8.185373771000783,24.081285379247362
969,1.998006507499368,8.214639117216558,24.19014918864636
970,2.0453841345519237,8.245165297206533,24.31559042610694
971,2.094629123754459,8.276476781885178,24.422854546351065
972,2.1463594412970157,8.30841846893085,24.534466846411174
973,2.1998623144118996,8.341974093570897,24.68227269513522
974,2.254015211175231,8.375620189223763,24.844800382552734
975,2.3104256932284755,8.409967287063683,25.000947740398672
976,2.3691020096629574,8.448053201714282,25.159192448564454
977,2.4291487033064993,8.488218646608379,25.349211857988884
978,2.4918903276890116,8.53202795471557,25.526648065196635
979,2.5610580411604853,8.577574986047788,25.61328182482912
980,2.6333136352133786,8.623162367099258,25.66883956785093
981,2.7072868409925075,8.672177994386974,25.709525175052633
982,2.7870803142530747,8.724623878344815,25.750113581300514
983,2.872938592388908,8.783437490041425,25.814351743379184
984,2.961040210825606,8.847241564024053,25.952054494514442
985,3.058482805792645,8.913830173342532,26.128208132042754
986,3.1613295594072683,8.986707865050063,26.33056647570094
987,3.2715520853792706,9.067186324524641,26.59405838718256
988,3.391586797568061,9.15759149383015,26.85722409455695
989,3.528729468268054,9.25906767548655,27.194038956895536
990,3.6728914193150253,9.37056955998276,27.499486846539774
991,3.826579264019439,9.501791785142588,27.927431454592806
992,4.010079057675659,9.65468406711804,28.322120290339974
993,4.215704989441687,9.836854870383915,28.81349305272327
994,4.463611897873343,10.066969289948283,29.47401199051243
995,4.7672337456948135,10.37299482183695,30.21733253824435
996,5.153337605977729,10.816233878989678,31.11568577379042
997,5.692773692172384,11.602397750199259,32.28076956583726
998,6.6793159926332,13.401624604177886,34.66009710140383
999,30.9595502350319,34.4504571999779,50.4893665635441
